City_ID,City,Country,Date,Lat,Lng,Max Temp,Humidity,Cloudiness,Wind Speed
0,Yellowknife,CA,2022-09-21 18:45:45,62.456,-114.3525,55.92,71,75,16.11
1,Puerto Ayora,EC,2022-09-21 18:45:46,-0.7393,-90.3518,76.96,87,92,11.01
2,Jalu,LY,2022-09-21 18:45:46,29.0331,21.5482,92.91,13,5,7.76
3,Bengkulu,ID,2022-09-21 18:41:24,-3.8004,102.2655,74.48,90,44,3.02
4,Punta Arenas,CL,2022-09-21 18:42:37,-53.15,-70.9167,53.62,62,0,13.8
5,Carutapera,BR,2022-09-21 18:45:47,-1.195,-46.02,85.68,58,23,10.56
6,Saint-Philippe,RE,2022-09-21 18:45:47,-21.3585,55.7679,69.39,79,40,11.74
7,Praia,CV,2022-09-21 18:44:16,14.9215,-23.5087,82.94,65,75,16.11
8,Jamestown,US,2022-09-21 18:45:48,42.097,-79.2353,78.39,73,75,8.05
9,Yen Bai,VN,2022-09-21 18:45:48,21.7,104.8667,74.41,96,100,1.97
10,Challans,FR,2022-09-21 18:45:49,46.8436,-1.8749,68.2,50,4,8.39
11,Albany,US,2022-09-21 18:43:38,42.6001,-73.9662,77.23,68,10,4.34
12,Rikitea,PF,2022-09-21 18:45:49,-23.1203,-134.9692,73.02,75,0,14.45
13,Aykhal,RU,2022-09-21 18:45:50,66.0,111.5,9.52,95,83,5.19
14,Coquimbo,CL,2022-09-21 18:45:50,-29.9533,-71.3436,65.93,39,0,13.8
15,Aloleng,PH,2022-09-21 18:45:50,16.1307,119.7824,79.99,76,100,2.66
16,Dibulla,CO,2022-09-21 18:45:51,11.2725,-73.3091,84.47,70,98,6.29
17,Mitsamiouli,KM,2022-09-21 18:45:51,-11.3847,43.2844,73.69,88,20,5.75
18,San Cristobal,VE,2022-09-21 18:45:51,7.7669,-72.225,80.78,58,72,1.01
19,Yulara,AU,2022-09-21 18:45:52,-25.2406,130.9889,56.77,35,0,8.9
20,Ushuaia,AR,2022-09-21 18:44:02,-54.8,-68.3,49.66,53,40,10.36
21,Kodiak,US,2022-09-21 18:45:52,57.79,-152.4072,51.31,54,0,8.05
22,Leningradskiy,RU,2022-09-21 18:45:53,69.3833,178.4167,32.76,94,46,18.99
23,Dicabisagan,PH,2022-09-21 18:45:53,17.0818,122.4157,77.36,89,100,3.89
24,Udachnyy,RU,2022-09-21 18:45:53,66.4167,112.4,8.8,98,54,4.41
25,Cherskiy,RU,2022-09-21 18:45:54,68.75,161.3,36.16,62,78,7.61
26,East London,ZA,2022-09-21 18:45:54,-33.0153,27.9116,59.94,88,0,11.5
27,Hobart,AU,2022-09-21 18:45:55,-42.8794,147.3294,52.27,91,36,9.22
28,Olafsvik,IS,2022-09-21 18:45:55,64.8945,-23.7142,50.29,85,100,2.04
29,Bluff,NZ,2022-09-21 18:45:56,-46.6,168.3333,44.08,87,19,6.13
30,Tiksi,RU,2022-09-21 18:45:56,71.6872,128.8694,33.22,99,100,15.12
31,Kapaa,US,2022-09-21 18:45:56,22.0752,-159.319,82.09,76,40,10.36
32,Uenohara,JP,2022-09-21 18:45:57,35.6167,139.1167,65.01,84,100,4.61
33,Port Hedland,AU,2022-09-21 18:45:57,-20.3167,118.5667,62.65,63,0,6.91
34,Upernavik,GL,2022-09-21 18:45:58,72.7868,-56.1549,34.12,70,100,5.5
35,Bambous Virieux,MU,2022-09-21 18:45:58,-20.3428,57.7575,72.21,88,75,12.66
36,Piet Retief,ZA,2022-09-21 18:45:59,-27.0071,30.8132,50.9,96,100,1.32
37,Carnarvon,AU,2022-09-21 18:45:59,-24.8667,113.6333,64.0,77,0,19.62
38,Ljungby,SE,2022-09-21 18:45:59,56.8332,13.9408,48.61,69,56,3.29
39,Constitucion,CL,2022-09-21 18:46:00,-35.3333,-72.4167,53.71,62,70,11.65
40,Busselton,AU,2022-09-21 18:44:16,-33.65,115.3333,46.47,69,11,8.03
41,Qaanaaq,GL,2022-09-21 18:45:40,77.484,-69.3632,31.14,76,100,6.08
42,Togur,RU,2022-09-21 18:46:00,58.3631,82.8265,59.65,72,99,8.99
43,Bredasdorp,ZA,2022-09-21 18:46:01,-34.5322,20.0403,52.79,87,0,0.63
44,Tuktoyaktuk,CA,2022-09-21 18:47:01,69.4541,-133.0374,41.0,93,100,19.57
45,Bataipora,BR,2022-09-21 18:47:02,-22.2953,-53.2711,79.92,79,80,2.62
46,Vaini,TO,2022-09-21 18:44:13,-21.2,-175.2,75.36,83,75,10.36
47,Ngerengere,TZ,2022-09-21 18:47:02,-6.75,38.1167,73.83,74,88,7.0
48,Bud,US,2022-09-21 18:47:03,39.447,-86.1758,93.9,53,7,14.29
49,Arraial Do Cabo,BR,2022-09-21 18:42:21,-22.9661,-42.0278,73.36,78,0,10.36
50,Salalah,OM,2022-09-21 18:47:03,17.0151,54.0924,80.69,83,75,8.05
51,Hambantota,LK,2022-09-21 18:47:03,6.1241,81.1185,79.14,89,0,8.05
52,Payo,ID,2022-09-21 18:47:04,-3.7508,103.6372,72.37,94,79,1.83
53,Iskateley,RU,2022-09-21 18:47:04,67.6803,53.1512,37.26,77,66,16.17
54,Avarua,CK,2022-09-21 18:47:05,-21.2078,-159.775,75.25,73,75,14.97
55,Flinders,AU,2022-09-21 18:47:05,-34.5833,150.8552,62.19,88,100,5.99
56,Basco,PH,2022-09-21 18:47:06,20.4487,121.9702,80.76,76,100,21.54
57,Salamiyah,SY,2022-09-21 18:47:06,35.0113,37.0532,70.45,71,0,16.4
58,Hami,CN,2022-09-21 18:47:06,42.8,93.45,67.68,14,0,4.97
59,Denpasar,ID,2022-09-21 18:44:37,-8.65,115.2167,80.26,83,40,13.8
60,Nome,US,2022-09-21 18:47:07,64.5011,-165.4064,44.67,77,100,25.32
61,Barrow,US,2022-09-21 18:47:07,71.2906,-156.7887,35.62,100,100,10.36
62,New Norfolk,AU,2022-09-21 18:47:07,-42.7826,147.0587,51.91,74,30,2.75
63,Hithadhoo,MV,2022-09-21 18:47:08,-0.6,73.0833,81.63,73,15,5.35
64,Provideniya,RU,2022-09-21 18:47:08,64.3833,-173.3,41.31,97,100,15.77
65,Ponta Do Sol,PT,2022-09-21 18:47:08,32.6667,-17.1,75.83,84,34,6.06
66,Viedma,AR,2022-09-21 18:47:09,-40.8135,-62.9967,47.23,75,100,14.43
67,Necochea,AR,2022-09-21 18:47:09,-38.5473,-58.7368,57.58,50,66,9.91
68,Mahebourg,MU,2022-09-21 18:47:10,-20.4081,57.7,72.25,88,75,12.66
69,Half Moon Bay,US,2022-09-21 18:47:10,37.4636,-122.4286,73.18,82,100,11.5
70,Klaksvik,FO,2022-09-21 18:47:11,62.2266,-6.589,52.72,96,100,24.92
71,Ugoofaaru,MV,2022-09-21 18:47:11,5.6667,73.0,81.81,73,36,8.14
72,Tacoronte,ES,2022-09-21 18:47:12,28.4769,-16.4102,71.17,74,20,3.44
73,Hermanus,ZA,2022-09-21 18:47:12,-34.4187,19.2345,53.8,78,6,2.19
74,Shubarshi,KZ,2022-09-21 18:47:12,48.5872,57.1869,68.09,14,0,7.0
75,Ostersund,SE,2022-09-21 18:47:13,63.1792,14.6357,52.25,54,75,3.44
76,Kangaatsiaq,GL,2022-09-21 18:47:13,68.3065,-53.4641,35.37,99,100,11.1
77,Vila,PT,2022-09-21 18:47:14,42.0304,-8.1588,61.68,57,0,2.28
78,Stornoway,GB,2022-09-21 18:47:14,58.2093,-6.3865,57.92,93,75,23.02
79,Lazaro Cardenas,MX,2022-09-21 18:46:50,17.9583,-102.2,82.87,74,98,7.34
80,Cockburn Town,TC,2022-09-21 18:47:14,21.4612,-71.1419,83.05,81,100,23.0
81,Ambulu,ID,2022-09-21 18:47:15,-8.345,113.6058,74.95,91,60,4.47
82,Sitka,US,2022-09-21 18:47:15,57.0531,-135.33,57.09,88,75,0.0
83,Guerrero Negro,MX,2022-09-21 18:46:19,27.9769,-114.0611,80.56,56,14,9.57
84,Prince Albert,CA,2022-09-21 18:45:55,53.2001,-105.7677,57.15,54,20,8.05
85,Lagoa,PT,2022-09-21 18:47:16,39.05,-27.9833,73.94,81,49,11.05
86,San Carlos De Bariloche,AR,2022-09-21 18:47:16,-41.1456,-71.3082,46.15,46,40,28.77
87,Rybinsk,RU,2022-09-21 18:47:16,58.0446,38.8426,49.77,77,100,6.2
88,Jacareacanga,BR,2022-09-21 18:47:17,-6.2222,-57.7528,104.65,17,84,3.29
89,Nikolskoye,RU,2022-09-21 18:47:17,59.7035,30.7861,49.89,97,21,4.36
90,Marienburg,PL,2022-09-21 18:47:18,54.0359,19.0266,50.88,88,54,7.0
91,Atuona,PF,2022-09-21 18:48:18,-9.8,-139.0333,76.35,81,70,22.59
92,Chokurdakh,RU,2022-09-21 18:48:18,70.6333,147.9167,32.88,94,100,8.57
93,Hilo,US,2022-09-21 18:45:42,19.7297,-155.09,79.61,78,100,5.99
94,Mount Gambier,AU,2022-09-21 18:48:19,-37.8333,140.7667,51.71,100,100,5.75
95,Batemans Bay,AU,2022-09-21 18:48:19,-35.7167,150.1833,61.11,97,94,1.48
96,Bara,NG,2022-09-21 18:48:19,10.3744,10.7288,78.08,77,100,2.21
97,Lunenburg,CA,2022-09-21 18:43:32,44.3835,-64.3155,69.06,92,93,5.75
98,Talnakh,RU,2022-09-21 18:48:20,69.4865,88.3972,34.21,96,100,16.89
99,Mataura,NZ,2022-09-21 18:44:13,-46.1927,168.8643,38.52,99,27,1.86
100,Caucaia,BR,2022-09-21 18:48:20,-3.7361,-38.6531,84.15,73,75,17.27
101,Sao Joao Da Barra,BR,2022-09-21 18:48:21,-21.6403,-41.0511,80.69,75,96,12.59
102,Cape Town,ZA,2022-09-21 18:43:31,-33.9258,18.4232,63.91,54,0,4.61
103,Mazyr,BY,2022-09-21 18:48:21,52.0495,29.2456,48.04,89,100,4.68
104,Cidreira,BR,2022-09-21 18:48:22,-30.1811,-50.2056,64.92,79,48,11.52
105,Grindavik,IS,2022-09-21 18:48:22,63.8424,-22.4338,52.27,93,75,6.91
106,Thanh Hoa,VN,2022-09-21 18:48:22,19.8,105.7667,73.44,98,100,4.36
107,Colmenar Viejo,ES,2022-09-21 18:45:00,40.6591,-3.7676,75.45,61,99,1.01
108,Tahoua,NE,2022-09-21 18:48:23,14.8888,5.2692,87.78,58,20,4.61
109,La Asuncion,VE,2022-09-21 18:48:23,11.0333,-63.8628,78.53,100,96,5.75
110,Axim,GH,2022-09-21 18:48:24,4.8699,-2.2405,75.96,87,54,4.34
111,Severo-Kurilsk,RU,2022-09-21 18:48:24,50.6789,156.125,47.82,75,6,15.17
112,Dodola,ET,2022-09-21 18:48:24,6.9833,39.1833,54.99,84,80,2.15
113,Dikson,RU,2022-09-21 18:48:25,73.5069,80.5464,29.61,88,100,29.93
114,Loukhi,RU,2022-09-21 18:48:25,66.0764,33.0381,41.76,70,99,5.75
115,Tigil,RU,2022-09-21 18:48:26,57.8,158.6667,42.01,66,71,26.49
116,Geraldton,AU,2022-09-21 18:48:26,-28.7667,114.6,50.41,93,9,5.75
117,Norman Wells,CA,2022-09-21 18:48:26,65.282,-126.8329,50.04,76,100,5.75
118,Port Alfred,ZA,2022-09-21 18:48:27,-33.5906,26.891,59.18,88,46,1.99
119,Muros,ES,2022-09-21 18:48:27,42.7762,-9.0603,66.87,66,0,3.4
120,Kruisfontein,ZA,2022-09-21 18:48:28,-34.0033,24.7314,60.89,69,62,2.95
121,Kalmunai,LK,2022-09-21 18:48:28,7.4167,81.8167,80.71,77,5,4.09
122,Jadu,LY,2022-09-21 18:48:28,31.953,12.0261,71.06,73,9,9.78
123,Ruston,US,2022-09-21 18:45:01,32.5232,-92.6379,95.59,40,0,3.44
124,Namibe,AO,2022-09-21 18:48:29,-15.1961,12.1522,66.02,88,95,10.78
125,Georgetown,MY,2022-09-21 18:44:19,5.4112,100.3354,77.9,90,20,9.22
126,Tuatapere,NZ,2022-09-21 18:48:29,-46.1333,167.6833,41.02,94,18,3.51
127,Broken Hill,AU,2022-09-21 18:47:58,-31.95,141.4333,53.55,93,99,14.7
128,Kidal,ML,2022-09-21 18:48:30,18.4411,1.4078,94.41,31,98,15.82
129,Maldonado,UY,2022-09-21 18:48:30,-34.6667,-54.9167,60.19,50,77,11.03
130,Cabo San Lucas,MX,2022-09-21 18:47:03,22.8909,-109.9124,88.52,71,11,9.31
131,Sojitra,IN,2022-09-21 18:48:31,22.55,72.7167,79.86,68,100,5.73
132,San Patricio,US,2022-09-21 18:48:31,28.017,-97.5169,91.26,42,0,8.39
133,Chuy,UY,2022-09-21 18:45:36,-33.6971,-53.4616,55.69,65,100,9.84
134,Deming,US,2022-09-21 18:48:32,32.2687,-107.7586,85.41,33,3,7.34
135,Ewa Beach,US,2022-09-21 18:48:32,21.3156,-158.0072,81.09,68,20,12.66
136,Saskylakh,RU,2022-09-21 18:48:33,71.9167,114.0833,16.18,96,45,5.61
137,Torbay,CA,2022-09-21 18:49:33,47.6666,-52.7314,57.97,72,75,18.41
138,San Quintin,MX,2022-09-21 18:49:33,30.4833,-115.95,75.34,66,13,15.14
139,Lebu,CL,2022-09-21 18:49:34,-37.6167,-73.65,51.26,69,90,8.46
140,Tautira,PF,2022-09-21 18:49:34,-17.7333,-149.15,77.47,75,19,16.58
141,Portland,US,2022-09-21 18:46:56,45.5234,-122.6762,76.15,53,100,5.75
142,Henties Bay,NA,2022-09-21 18:49:35,-22.116,14.2845,58.66,72,0,6.35
143,Biltine,TD,2022-09-21 18:49:35,14.5333,20.9167,89.78,33,70,6.55
144,Port Elizabeth,ZA,2022-09-21 18:46:41,-33.918,25.5701,63.1,88,0,10.36
145,Cruces,CU,2022-09-21 18:49:36,22.3411,-80.2667,90.72,49,9,9.44
146,Bambanglipuro,ID,2022-09-21 18:49:36,-7.95,110.2833,76.24,90,100,9.6
147,Edeia,BR,2022-09-21 18:49:36,-17.3383,-49.9314,93.83,28,87,14.34
148,Ozinki,RU,2022-09-21 18:49:37,51.1786,49.6769,69.58,25,100,8.95
149,Kaohsiung,TW,2022-09-21 18:46:56,22.6163,120.3133,80.04,83,40,3.44
150,Le Vauclin,MQ,2022-09-21 18:49:37,14.5452,-60.8388,84.25,79,75,16.11
151,Fortuna,US,2022-09-21 18:49:38,40.5982,-124.1573,65.98,80,100,1.01
152,Los Llanos De Aridane,ES,2022-09-21 18:49:38,28.6585,-17.9182,73.15,89,20,8.05
153,Jasper,US,2022-09-21 18:45:54,37.2001,-94.3502,98.46,37,20,8.05
154,Beringovskiy,RU,2022-09-21 18:49:38,63.05,179.3167,41.52,88,100,5.19
155,Korla,CN,2022-09-21 18:49:39,41.7597,86.1469,74.26,22,92,8.63
156,Tasiilaq,GL,2022-09-21 18:49:39,65.6145,-37.6368,37.56,94,62,4.23
157,Peterongan,ID,2022-09-21 18:49:40,-7.5394,112.2792,74.16,91,55,4.56
158,Lompoc,US,2022-09-21 18:49:40,34.6391,-120.4579,79.7,60,40,4.0
159,Tura,IN,2022-09-21 18:49:40,25.5198,90.2201,73.76,96,92,4.76
160,Shingu,JP,2022-09-21 18:49:41,33.7333,135.9833,70.68,96,100,18.23
161,Ouadda,CF,2022-09-21 18:49:41,8.0777,22.4007,69.89,92,74,2.68
162,Mar Del Plata,AR,2022-09-21 18:48:07,-38.0023,-57.5575,57.22,74,0,11.5
163,Zhigansk,RU,2022-09-21 18:49:42,66.7697,123.3711,29.57,94,100,18.84
164,Osorno,CL,2022-09-21 18:47:37,-40.5667,-73.15,54.25,76,75,8.05
165,Weihe,CN,2022-09-21 18:49:42,32.9952,105.3247,58.55,94,100,5.1
166,Ancud,CL,2022-09-21 18:49:43,-41.8697,-73.8203,47.23,73,35,13.31
167,Raga,SS,2022-09-21 18:49:43,8.4596,25.678,76.01,83,78,1.34
168,Natal,BR,2022-09-21 18:49:43,-5.795,-35.2094,88.02,62,20,16.11
169,Grand-Lahou,CI,2022-09-21 18:49:44,5.1367,-5.0242,75.56,90,13,5.23
170,Moron,AR,2022-09-21 18:49:44,-34.6534,-58.6198,64.29,61,85,4.99
171,Oranjemund,NA,2022-09-21 18:49:44,-28.55,16.4333,59.61,61,0,1.1
172,Curup,ID,2022-09-21 18:49:45,-3.4667,102.5333,66.61,98,68,0.94
173,Gasa,PS,2022-09-21 18:46:22,31.5,34.4667,72.88,57,0,9.1
174,Kualakapuas,ID,2022-09-21 18:49:45,-3.0091,114.3876,73.26,95,99,1.12
175,Labuhan,ID,2022-09-21 18:49:46,-6.8844,112.2051,77.67,86,100,7.27
176,Yining,CN,2022-09-21 18:49:46,29.0361,114.5636,67.5,68,100,0.67
177,Tilichiki,RU,2022-09-21 18:49:47,60.4667,166.1,40.33,79,98,23.62
178,Okhotsk,RU,2022-09-21 18:49:47,59.3833,143.3,37.54,49,0,27.56
179,Svetlogorsk,BY,2022-09-21 18:49:47,52.6333,29.7333,46.09,92,100,4.92
180,Thompson,CA,2022-09-21 18:49:48,55.7435,-97.8558,46.56,61,75,9.22
181,Hawalli,KW,2022-09-21 18:49:48,29.2833,47.9972,91.49,71,0,11.01
182,Northam,GB,2022-09-21 18:49:48,51.0333,-4.2167,59.4,83,99,7.58
183,Nowy Dwor Gdanski,PL,2022-09-21 18:49:49,54.2131,19.1177,49.98,78,92,10.42
184,Creston,US,2022-09-21 18:49:49,41.0586,-94.3614,72.34,52,0,14.97
185,Lasa,IT,2022-09-21 18:49:49,46.6166,10.7002,58.08,80,3,0.51
186,Santa Maria,BR,2022-09-21 18:47:57,-29.6842,-53.8069,63.7,72,100,8.05
187,Weihai,CN,2022-09-21 18:50:50,37.5017,122.1136,61.41,69,0,12.3
188,Vardo,NO,2022-09-21 18:50:50,70.3705,31.1107,42.78,87,75,20.71
189,Koumac,NC,2022-09-21 18:50:51,-20.5667,164.2833,71.92,83,39,4.43
190,Ribeira Grande,PT,2022-09-21 18:50:51,38.5167,-28.7,77.4,83,40,9.22
191,Taybad,IR,2022-09-21 18:50:51,34.74,60.7756,74.23,18,0,10.58
192,Durban,ZA,2022-09-21 18:50:52,-29.8579,31.0292,62.02,84,0,1.99
193,Atascocita,US,2022-09-21 18:50:52,29.9988,-95.1766,94.98,56,20,1.01
194,Saint George,US,2022-09-21 18:46:56,37.1041,-113.5841,86.59,37,75,8.05
195,Port Blair,IN,2022-09-21 18:50:53,11.6667,92.75,78.84,89,40,2.3
196,Contai,IN,2022-09-21 18:50:53,21.7786,87.7536,80.65,86,6,10.51
197,Deputatskiy,RU,2022-09-21 18:50:54,69.3,139.9,24.84,92,100,9.1
198,Inhambane,MZ,2022-09-21 18:50:54,-23.865,35.3833,71.58,94,20,3.44
199,Victoria,HK,2022-09-21 18:48:38,22.2855,114.1577,84.33,74,100,5.99
200,Ostrovnoy,RU,2022-09-21 18:50:55,68.0531,39.5131,42.35,78,100,13.15
201,Dryden,CA,2022-09-21 18:50:55,49.7833,-92.7503,48.49,76,100,12.66
202,Makakilo City,US,2022-09-21 18:50:55,21.3469,-158.0858,79.68,67,20,12.66
203,Vega De Alatorre,MX,2022-09-21 18:50:56,20.0333,-96.6333,85.08,64,56,13.6
204,Karpathos,GR,2022-09-21 18:50:56,35.507,27.2132,73.36,64,0,9.22
205,Mareeba,AU,2022-09-21 18:50:56,-17.0,145.4333,66.92,94,100,1.54
206,Marawi,PH,2022-09-21 18:50:57,7.9986,124.2928,68.5,92,100,2.98
207,Hasaki,JP,2022-09-21 18:50:57,35.7333,140.8333,63.28,61,100,19.37
208,Port Hueneme,US,2022-09-21 18:50:57,34.1478,-119.1951,83.07,56,20,9.22
209,Raudeberg,NO,2022-09-21 18:50:58,61.9875,5.1352,56.86,64,100,19.13
210,Kushiro,JP,2022-09-21 18:50:58,42.975,144.3747,50.41,88,0,4.14
211,Airai,TL,2022-09-21 18:46:16,-8.9266,125.4092,59.99,87,100,2.95
212,Alugan,PH,2022-09-21 18:50:59,12.2188,125.4808,77.02,88,100,4.38
213,Chulman,RU,2022-09-21 18:50:59,56.8479,124.9104,34.84,99,100,2.1
214,Paita,PE,2022-09-21 18:50:59,-5.0892,-81.1144,71.29,67,70,18.88
215,Bethel,US,2022-09-21 18:46:35,41.3712,-73.414,79.18,60,0,3.44
216,Umm Kaddadah,SD,2022-09-21 18:51:00,13.6017,26.6876,91.35,15,15,10.87
217,Dingle,PH,2022-09-21 18:51:00,10.9995,122.6711,74.97,91,100,2.19
218,Fort Nelson,CA,2022-09-21 18:51:01,58.8053,-122.7002,53.19,58,40,5.75
219,Xuanhua,CN,2022-09-21 18:51:01,40.6103,115.0447,57.76,62,100,1.63
220,Luderitz,NA,2022-09-21 18:51:01,-26.6481,15.1594,63.09,46,0,7.07
221,Alta Floresta,BR,2022-09-21 18:51:02,-9.8756,-56.0861,86.68,48,66,5.68
222,Pevek,RU,2022-09-21 18:51:02,69.7008,170.3133,34.86,75,0,9.15
223,Butaritari,KI,2022-09-21 18:51:02,3.0707,172.7902,80.13,75,96,4.74
224,Chaparral,CO,2022-09-21 18:51:03,3.7232,-75.4832,84.94,48,100,5.26
225,Mulanje,MW,2022-09-21 18:51:03,-16.0316,35.5,80.44,34,78,3.27
226,Odweyne,SO,2022-09-21 18:51:04,9.4092,45.064,86.49,31,94,8.03
227,Hare Bay,CA,2022-09-21 18:51:04,48.8499,-54.0148,63.75,54,100,10.54
228,Liverpool,GB,2022-09-21 18:51:04,53.4106,-2.9779,62.29,74,20,8.05
229,Djibo,BF,2022-09-21 18:51:05,14.1022,-1.6306,83.57,63,78,6.98
230,Kahului,US,2022-09-21 18:48:11,20.8947,-156.47,84.97,68,20,12.66
231,Kapit,MY,2022-09-21 18:51:05,2.0167,112.9333,72.55,96,100,0.78
232,Smolensk,RU,2022-09-21 18:51:06,55.0,33.0,47.53,95,100,7.61
233,Owosso,US,2022-09-21 18:51:06,42.9978,-84.1766,83.12,65,40,13.8
234,Banga,PH,2022-09-21 18:51:06,6.4239,124.7783,73.53,92,100,1.39
235,Sandpoint,US,2022-09-21 18:52:07,48.2766,-116.5533,69.04,32,0,23.0
236,Longyearbyen,SJ,2022-09-21 18:52:07,78.2186,15.6401,35.44,69,40,24.16
237,Castro,BR,2022-09-21 18:52:08,-24.7911,-50.0119,59.07,98,100,6.35
238,Novogurovskiy,RU,2022-09-21 18:52:08,54.4678,37.3428,47.08,95,93,6.4
239,Kantilo,IN,2022-09-21 18:52:08,20.35,85.1833,77.74,92,82,0.87
240,Tezu,IN,2022-09-21 18:52:09,27.9167,96.1667,74.01,98,100,2.95
241,Clyde River,CA,2022-09-21 18:52:09,70.4692,-68.5914,30.43,74,75,2.3
242,Sept-Iles,CA,2022-09-21 18:52:09,50.2001,-66.3821,51.06,93,100,8.05
243,Pisco,PE,2022-09-21 18:52:10,-13.7,-76.2167,67.01,68,0,9.22
244,Sydney,AU,2022-09-21 18:52:06,-33.8679,151.2073,61.72,90,75,13.8
245,Harper,LR,2022-09-21 18:52:10,4.375,-7.7169,76.71,87,89,10.02
246,Zaragoza,ES,2022-09-21 18:52:10,41.6561,-0.8773,76.86,28,0,8.05
247,Tumpat,MY,2022-09-21 18:52:11,6.1978,102.171,75.18,94,40,4.61
248,Acarau,BR,2022-09-21 18:52:11,-2.8856,-40.12,82.33,69,19,20.42
249,Lishui,CN,2022-09-21 18:52:12,28.4604,119.9103,67.93,96,94,2.21
250,Broome,US,2022-09-21 18:52:12,42.2506,-75.833,82.02,55,0,10.36
251,Srednekolymsk,RU,2022-09-21 18:52:13,67.45,153.6833,35.04,99,100,7.43
252,Medzev,SK,2022-09-21 18:52:13,48.7004,20.8937,51.66,80,100,6.26
253,Tazovskiy,RU,2022-09-21 18:52:13,67.4667,78.7,41.47,92,100,22.32
254,Nyurba,RU,2022-09-21 18:52:14,63.2842,118.3319,24.6,91,18,5.95
255,Kamenka,RU,2022-09-21 18:52:14,51.3223,42.7678,52.32,78,100,1.12
256,Asbest,RU,2022-09-21 18:52:14,57.0099,61.4578,59.11,66,100,3.51
257,Touros,BR,2022-09-21 18:52:15,-5.1989,-35.4608,80.38,70,1,13.29
258,Esperance,AU,2022-09-21 18:52:15,-33.8667,121.9,55.24,77,100,17.56
259,Orcopampa,PE,2022-09-21 18:52:16,-15.2661,-72.3417,64.35,6,65,13.58
260,Chicama,PE,2022-09-21 18:52:16,-7.8447,-79.1469,59.54,60,87,11.05
261,La Mira,MX,2022-09-21 18:52:16,18.035,-102.3266,82.85,75,93,6.87
262,Vao,NC,2022-09-21 18:52:17,-22.6667,167.4833,71.85,75,100,11.3
263,Benbrook,US,2022-09-21 18:52:17,32.6732,-97.4606,96.93,39,0,8.05
264,Hispania,CO,2022-09-21 18:52:18,5.7993,-75.9072,80.73,68,85,2.13
265,Maputo,MZ,2022-09-21 18:51:31,-25.9653,32.5892,64.22,87,75,8.05
266,Sao Gabriel Da Cachoeira,BR,2022-09-21 18:52:18,-0.1303,-67.0892,89.64,51,99,2.82
267,Moratuwa,LK,2022-09-21 18:52:18,6.773,79.8816,78.82,86,8,7.96
268,Middle Island,US,2022-09-21 18:52:19,40.8843,-72.9373,78.35,66,100,10.36
269,Egvekinot,RU,2022-09-21 18:52:19,66.3167,-179.1667,33.37,98,100,16.08
270,Bardiyah,LY,2022-09-21 18:52:20,31.7561,25.0865,77.5,67,44,6.33
271,Dunedin,NZ,2022-09-21 18:52:20,-45.8742,170.5036,43.81,89,9,3.15
272,Faya,SA,2022-09-21 18:52:20,18.3851,42.4509,68.11,51,87,3.24
273,Alofi,NU,2022-09-21 18:50:50,-19.0595,-169.9187,71.49,94,100,10.36
274,Solbjerg,DK,2022-09-21 18:52:21,56.0427,10.0863,56.82,74,65,3.36
275,Comodoro Rivadavia,AR,2022-09-21 18:49:47,-45.8667,-67.5,48.06,76,75,11.5
276,Dawson Creek,CA,2022-09-21 18:52:22,55.7666,-120.2362,62.24,42,0,2.3
277,Asau,RO,2022-09-21 18:52:22,46.4333,26.4,47.32,92,100,0.72
278,Bathsheba,BB,2022-09-21 18:53:22,13.2167,-59.5167,83.01,78,75,27.63
279,Kavaratti,IN,2022-09-21 18:53:23,10.5669,72.642,81.27,75,1,9.62
280,Jinka,ET,2022-09-21 18:53:24,5.65,36.65,67.33,68,49,2.13
281,Lavrentiya,RU,2022-09-21 18:53:25,65.5833,-171.0,39.97,97,100,27.54
282,Saint Anthony,US,2022-09-21 18:53:25,45.0205,-93.218,68.9,54,75,13.8
283,Khatanga,RU,2022-09-21 18:53:25,71.9667,102.5,21.63,81,77,15.12
284,Hofn,IS,2022-09-21 18:53:26,64.2539,-15.2082,50.02,93,20,3.44
285,Tamiahua,MX,2022-09-21 18:53:26,21.2667,-97.45,85.75,62,6,9.62
286,Yar-Sale,RU,2022-09-21 18:53:26,66.8333,70.8333,39.02,73,97,18.86
287,Rurrenabaque,BO,2022-09-21 18:53:27,-14.4413,-67.5278,94.89,63,20,9.22
288,Nouadhibou,MR,2022-09-21 18:53:27,20.931,-17.0347,76.98,69,76,20.71
289,Wasilla,US,2022-09-21 18:53:28,61.5814,-149.4394,45.07,93,100,4.61
290,Puerto Escondido,MX,2022-09-21 18:53:28,15.85,-97.0667,83.08,77,100,7.0
291,Port Macquarie,AU,2022-09-21 18:53:28,-31.4333,152.9167,61.9,89,100,18.68
292,Darhan,MN,2022-09-21 18:53:29,49.4867,105.9228,37.09,65,7,6.17
293,Vista Hermosa,MX,2022-09-21 18:53:29,19.5167,-99.2167,68.56,50,84,5.5
294,Visakhapatnam,IN,2022-09-21 18:53:29,17.69,83.2093,82.29,89,40,3.44
295,Nerchinskiy Zavod,RU,2022-09-21 18:53:30,51.3088,119.61,37.62,81,69,2.17
296,Vinukonda,IN,2022-09-21 18:53:30,16.05,79.75,80.02,69,94,6.89
297,Kerouane,GN,2022-09-21 18:53:32,9.2667,-9.0167,70.86,96,93,4.59
298,Ginir,ET,2022-09-21 18:53:32,7.1333,40.7,64.06,62,14,5.64
299,Nouakchott,MR,2022-09-21 18:53:32,18.0858,-15.9785,85.93,64,100,23.64
300,Vestmanna,FO,2022-09-21 18:53:33,62.1564,-7.1664,50.92,100,100,16.11
301,De Aar,ZA,2022-09-21 18:53:33,-30.6497,24.0123,58.71,29,44,5.7
302,Corowa,AU,2022-09-21 18:53:33,-36.0333,146.3833,54.57,92,100,5.08
303,Codrington,AU,2022-09-21 18:53:34,-38.2667,141.9667,50.83,96,2,4.9
304,Mount Isa,AU,2022-09-21 18:53:34,-20.7333,139.5,65.97,37,78,9.22
305,Ganzhou,CN,2022-09-21 18:53:34,28.8184,115.4327,70.2,53,100,3.18
306,Narsaq,GL,2022-09-21 18:53:35,60.9167,-46.05,47.35,54,39,4.97
307,Kununurra,AU,2022-09-21 18:51:41,-15.7667,128.7333,78.78,73,75,4.61
308,Ukiah,US,2022-09-21 18:53:36,39.1502,-123.2078,73.17,60,0,3.0
309,Kanniyakumari,IN,2022-09-21 18:53:36,8.0833,77.5667,78.6,85,0,18.32
310,Kendal,GB,2022-09-21 18:53:37,54.3268,-2.7476,59.59,82,100,9.84
311,Kampot,KH,2022-09-21 18:50:12,10.6167,104.1833,78.85,86,100,5.88
312,Didwana,IN,2022-09-21 18:53:37,27.4,74.5667,82.96,65,92,6.8
313,Margate,GB,2022-09-21 18:53:38,51.3813,1.3862,60.31,70,29,1.01
314,Port Hardy,CA,2022-09-21 18:53:38,50.6996,-127.4199,55.58,67,20,3.44
315,Kutum,SD,2022-09-21 18:53:38,14.2,24.6667,81.25,32,14,7.7
316,Hanko,FI,2022-09-21 18:53:39,59.8333,22.95,42.15,67,6,7.36
317,Pedro Carbo,EC,2022-09-21 18:53:39,-1.8333,-80.2333,94.6,37,39,2.77
318,Iranshahr,IR,2022-09-21 18:54:40,27.2025,60.6848,91.74,31,0,13.8
319,Saint-Georges,GD,2022-09-21 18:50:33,12.0564,-61.7485,85.68,74,20,10.36
320,Huarmey,PE,2022-09-21 18:54:40,-10.0681,-78.1522,67.32,70,100,13.27
321,Pimentel,PE,2022-09-21 18:54:40,-6.8367,-79.9342,70.09,60,0,19.57
322,Palmer,US,2022-09-21 18:51:08,42.1584,-72.3287,76.62,63,40,4.61
323,Mecca,SA,2022-09-21 18:54:41,21.4267,39.8261,85.51,33,0,7.61
324,Saint-Paul,RE,2022-09-21 18:54:41,-21.0096,55.2707,69.91,78,0,1.5
325,Ketchikan,US,2022-09-21 18:54:42,55.3422,-131.6461,65.08,65,60,1.88
326,Ballina,AU,2022-09-21 18:51:25,-28.8667,153.5667,64.02,99,100,17.18
327,Santarem,BR,2022-09-21 18:54:42,-2.4431,-54.7083,89.73,66,20,11.5
328,Magway,MM,2022-09-21 18:54:43,20.15,94.9167,77.56,89,80,3.69
329,Usinsk,RU,2022-09-21 18:54:43,65.9939,57.5281,37.17,82,99,21.05
330,King City,US,2022-09-21 18:54:43,36.2127,-121.126,75.88,46,4,2.1
331,Umm Lajj,SA,2022-09-21 18:54:44,25.0213,37.2685,82.38,63,0,5.55
332,Novyy Yarychiv,UA,2022-09-21 18:54:44,49.9044,24.3052,48.38,92,100,8.37
333,Foix,FR,2022-09-21 18:54:44,42.8333,1.5833,58.19,66,4,3.36
334,Maceio,BR,2022-09-21 18:54:45,-9.6658,-35.7353,81.84,69,20,13.8
335,Ust-Kut,RU,2022-09-21 18:54:45,56.7938,105.7672,36.66,98,100,2.71
336,Kandrian,PG,2022-09-21 18:54:46,-6.2167,149.55,74.61,96,100,3.11
337,Uzunovo,RU,2022-09-21 18:54:46,54.5386,38.6173,49.08,95,70,6.85
338,Kirakira,SB,2022-09-21 18:54:46,-10.4544,161.9205,75.97,85,66,4.56
339,Dharchula,IN,2022-09-21 18:54:47,29.85,80.5333,70.18,86,96,3.51
340,Vlasikha,RU,2022-09-21 18:54:47,53.2972,83.5742,58.05,44,0,4.47
341,Teguise,ES,2022-09-21 18:54:27,29.0605,-13.564,75.42,65,20,17.27
342,Ankazoabo,MG,2022-09-21 18:54:47,-22.2833,44.5167,72.81,44,0,7.31
343,Mange,SL,2022-09-21 18:54:48,8.9167,-12.85,73.2,98,100,5.68
344,Solnechnyy,RU,2022-09-21 18:54:48,50.7214,136.6319,44.76,83,100,7.9
345,Vernon,CA,2022-09-21 18:52:45,50.2581,-119.2691,69.13,39,0,1.14
346,Sabang,ID,2022-09-21 18:54:49,5.8933,95.3214,81.75,76,100,16.91
347,Noyabrsk,RU,2022-09-21 18:54:49,63.1994,75.4507,50.47,77,98,19.08
348,Kaitangata,NZ,2022-09-21 18:54:49,-46.2817,169.8464,40.82,94,29,3.62
349,Ajdabiya,LY,2022-09-21 18:54:50,30.7554,20.2263,83.32,46,4,14.85
350,Murgab,TM,2022-09-21 18:54:50,37.4966,61.9714,73.27,46,0,0.0
351,Meulaboh,ID,2022-09-21 18:54:50,4.1363,96.1285,74.34,85,100,4.07
352,Jiwani,PK,2022-09-21 18:54:51,25.05,61.7417,79.77,81,22,8.14
353,Brewster,US,2022-09-21 18:54:51,41.3973,-73.6171,81.19,62,6,1.01
354,Goderich,CA,2022-09-21 18:54:52,43.7501,-81.7165,73.9,78,98,16.11
355,Bayanday,RU,2022-09-21 18:54:52,53.0661,105.5139,26.58,93,9,3.24
356,Yaring,TH,2022-09-21 18:54:52,6.8662,101.3689,77.95,83,100,8.95
357,Port-Gentil,GA,2022-09-21 18:54:53,-0.7193,8.7815,78.76,83,40,10.36
358,Nagayo,JP,2022-09-21 18:54:53,32.8242,129.8861,70.36,56,91,4.38
359,Laurel,US,2022-09-21 18:54:53,39.0993,-76.8483,86.85,51,2,5.75
360,Sehithwa,BW,2022-09-21 18:54:54,-20.4667,22.7167,63.63,12,0,5.1
361,Taoudenni,ML,2022-09-21 18:54:54,22.6783,-3.9836,93.0,34,10,21.56
362,Torbat-E Jam,IR,2022-09-21 18:54:54,35.244,60.6225,72.61,19,0,9.28
363,Tyrma,RU,2022-09-21 18:54:55,50.0833,132.1667,40.1,95,61,2.82
364,Mehamn,NO,2022-09-21 18:55:55,71.0357,27.8492,46.35,93,75,20.71
365,Isangel,VU,2022-09-21 18:55:55,-19.55,169.2667,75.31,94,40,9.22
366,Sur,OM,2022-09-21 18:55:56,22.5667,59.5289,82.38,71,0,14.85
367,Byron Bay,AU,2022-09-21 18:53:03,-28.65,153.6167,63.95,87,100,16.4
368,Quang Ngai,VN,2022-09-21 18:53:58,15.1167,108.8,75.63,90,100,4.21
369,Komsomolskiy,UZ,2022-09-21 18:55:56,40.4272,71.7189,72.32,40,71,4.61
370,Cowra,AU,2022-09-21 18:55:57,-33.8333,148.6833,50.47,92,48,7.49
371,North Bend,US,2022-09-21 18:52:09,43.4065,-124.2243,67.24,100,100,4.61
372,Saldanha,ZA,2022-09-21 18:55:57,-33.0117,17.9442,60.85,80,6,8.03
373,Nanortalik,GL,2022-09-21 18:55:58,60.1432,-45.2371,42.94,73,7,10.69
374,Nushki,PK,2022-09-21 18:55:58,29.5542,66.0215,81.99,16,0,3.51
375,Whyalla,AU,2022-09-21 18:55:58,-33.0333,137.5833,55.29,94,100,8.05
376,Baykit,RU,2022-09-21 18:55:59,61.67,96.37,34.27,97,100,5.08
377,Hefei,CN,2022-09-21 18:55:59,31.8639,117.2808,62.62,82,0,2.24
378,Vila Velha,BR,2022-09-21 18:53:00,-20.3297,-40.2925,82.35,82,20,12.66
379,Taber,CA,2022-09-21 18:55:59,49.8167,-112.1518,60.64,39,0,11.5
380,Valle Hermoso,MX,2022-09-21 18:56:00,25.6667,-97.8333,90.9,37,16,7.85
381,Paamiut,GL,2022-09-21 18:56:00,61.994,-49.6678,42.33,71,97,14.5
382,Thanesar,IN,2022-09-21 18:56:01,29.9833,76.8167,76.23,88,79,4.16
383,Khanpur,PK,2022-09-21 18:56:01,28.6453,70.6567,88.52,27,0,7.23
384,Kavieng,PG,2022-09-21 18:56:01,-2.5744,150.7967,80.82,72,99,1.14
385,Marrakesh,MA,2022-09-21 18:56:02,31.6315,-8.0083,86.07,39,20,8.05
386,Caceres,ES,2022-09-21 18:56:02,39.522,-6.3748,77.94,46,6,3.02
387,Loandjili,CG,2022-09-21 18:56:02,-4.7561,11.8578,74.59,85,39,8.01
388,Beloha,MG,2022-09-21 18:56:03,-25.1667,45.05,75.15,47,0,10.94
389,Alice Springs,AU,2022-09-21 18:56:03,-23.7,133.8833,47.75,61,5,0.0
390,Chapais,CA,2022-09-21 18:56:03,49.7834,-74.8492,53.38,95,100,14.32
391,Krasnozerskoye,RU,2022-09-21 18:56:04,53.9828,79.2374,62.87,59,7,6.96
392,Sheboygan,US,2022-09-21 18:52:18,43.7333,-87.9334,73.49,55,0,14.97
393,Soubre,CI,2022-09-21 18:56:04,5.7856,-6.6083,73.04,96,46,1.99
394,Quatre Cocos,MU,2022-09-21 18:56:05,-20.2078,57.7625,72.09,82,37,15.08
395,Areosa,PT,2022-09-21 18:56:05,41.7178,-8.8571,67.26,81,0,2.57
396,Kitob,UZ,2022-09-21 18:56:06,39.0843,66.8332,73.15,24,0,4.94
397,Road Town,VG,2022-09-21 18:52:33,18.4167,-64.6167,87.89,79,100,11.5
398,Eydhafushi,MV,2022-09-21 18:56:06,5.1033,73.0708,81.72,74,15,6.89
399,Yerbogachen,RU,2022-09-21 18:56:06,61.2767,108.0108,28.63,94,100,1.99
400,Oga,IT,2022-09-21 18:56:07,46.4631,10.347,43.34,87,37,2.59
401,Ygatimi,PY,2022-09-21 18:56:07,-24.0833,-55.5,69.24,99,100,4.25
402,Kisesa,TZ,2022-09-21 18:56:07,-3.0833,34.15,79.3,31,99,6.89
403,Marsh Harbour,BS,2022-09-21 18:56:08,26.5412,-77.0636,84.36,72,0,16.75
404,Storsteinnes,NO,2022-09-21 18:56:08,69.2408,19.2344,46.38,97,100,3.02
405,Fairbanks,US,2022-09-21 18:51:32,64.8378,-147.7164,40.3,90,100,6.91
406,Commerce,US,2022-09-21 18:56:09,34.0006,-118.1598,84.69,43,0,5.75
407,Tymovskoye,RU,2022-09-21 18:56:09,50.8456,142.655,43.65,84,27,8.61
408,Havre-Saint-Pierre,CA,2022-09-21 18:56:10,50.2334,-63.5986,53.96,94,100,11.5
409,Venice,US,2022-09-21 18:56:10,27.0998,-82.4543,94.26,74,0,11.5
410,Cayenne,GF,2022-09-21 18:56:10,4.9333,-52.3333,87.84,62,2,14.97
411,Bairiki,KI,2022-09-21 18:57:12,1.3292,172.9752,78.8,89,40,4.61
412,Goundam,ML,2022-09-21 18:54:19,16.4145,-3.6708,89.85,46,1,13.15
413,Mana,GF,2022-09-21 18:57:12,5.6592,-53.7767,83.77,73,32,13.87
414,Naze,JP,2022-09-21 18:57:13,28.3667,129.4833,76.12,84,50,12.95
415,Nishihara,JP,2022-09-21 18:57:13,26.1842,127.7558,78.08,83,16,8.05
416,Karratha,AU,2022-09-21 18:57:13,-20.7377,116.8463,70.65,36,0,9.31
417,Teahupoo,PF,2022-09-21 18:57:14,-17.8333,-149.2667,75.16,76,22,17.07
418,Acajutla,SV,2022-09-21 18:57:14,13.5928,-89.8275,81.52,79,83,12.41
419,Aksha,RU,2022-09-21 18:57:14,50.2814,113.2867,34.32,68,100,13.56
420,Tual,ID,2022-09-21 18:57:15,-5.6667,132.75,82.56,75,100,8.16
421,Udankudi,IN,2022-09-21 18:57:15,8.4333,78.0167,80.35,73,0,10.89
422,Sestri Levante,IT,2022-09-21 18:57:15,44.2732,9.3968,64.81,66,100,3.0
423,Adet,ET,2022-09-21 18:57:16,11.2644,37.4888,57.36,89,100,5.7
424,Sorland,NO,2022-09-21 18:57:16,67.667,12.6934,51.66,96,100,23.15
425,Baruun-Urt,MN,2022-09-21 18:57:17,46.6806,113.2792,38.32,47,100,20.22
426,Jarocin,PL,2022-09-21 18:57:17,51.9727,17.5026,52.57,72,100,6.98
427,Nogliki,RU,2022-09-21 18:57:18,51.8333,143.1667,50.31,76,19,14.25
428,Coihaique,CL,2022-09-21 18:54:07,-45.5752,-72.0662,53.55,47,20,8.05
429,Springville,US,2022-09-21 18:57:18,40.1652,-111.6107,82.56,42,100,4.0
430,Qui Nhon,VN,2022-09-21 18:57:19,13.7667,109.2333,78.76,84,99,5.1
431,Hearst,CA,2022-09-21 18:57:19,49.6835,-83.6665,53.85,88,44,13.98
432,Zapolyarnyy,RU,2022-09-21 18:57:19,69.4154,30.8136,43.88,78,100,16.93
433,Miles City,US,2022-09-21 18:57:20,46.4083,-105.8406,61.56,31,0,5.95
434,Wadi Musa,JO,2022-09-21 18:53:34,30.3222,35.4793,62.33,71,0,10.54
435,Ust-Uda,RU,2022-09-21 18:57:20,54.1742,103.0304,31.84,86,47,1.41
436,Kuching,MY,2022-09-21 18:57:21,1.55,110.3333,73.62,100,20,2.3
437,Ape,LV,2022-09-21 18:57:21,57.5393,26.6929,49.71,97,93,5.55
438,Hendek,TR,2022-09-21 18:57:21,40.7994,30.7481,58.23,70,69,1.77
439,Vasterhaninge,SE,2022-09-21 18:57:22,59.1167,18.1,49.53,89,4,4.76
440,Oyem,GA,2022-09-21 18:57:22,1.5995,11.5793,68.32,98,41,2.44
441,Saint-Pierre,RE,2022-09-21 18:57:22,-21.3393,55.4781,69.48,73,0,6.91
442,Yongan,CN,2022-09-21 18:57:23,39.6957,113.6871,52.07,78,96,5.37
443,Pirovskoye,RU,2022-09-21 18:57:23,57.6267,92.2658,47.89,85,100,8.77
444,Oistins,BB,2022-09-21 18:57:23,13.0667,-59.5333,82.49,78,75,27.63
445,Cafarnaum,BR,2022-09-21 18:57:24,-11.6936,-41.4683,89.31,27,5,11.68
446,Hoquiam,US,2022-09-21 18:57:24,46.9809,-123.8893,75.43,34,0,1.3
447,Dekar,BW,2022-09-21 18:57:25,-21.5333,21.9333,60.66,16,0,5.79
448,Ciudad Bolivar,VE,2022-09-21 18:57:25,8.1222,-63.5497,85.42,62,100,3.56
449,Nyaunglebin,MM,2022-09-21 18:57:25,17.95,96.7333,75.47,96,100,3.71
450,Albenga,IT,2022-09-21 18:57:26,44.0529,8.216,70.14,57,60,8.99
451,Andilamena,MG,2022-09-21 18:57:26,-17.0167,48.5833,59.36,95,100,8.21
452,Sao Felix Do Xingu,BR,2022-09-21 18:57:26,-6.6447,-51.995,96.24,26,95,3.8
453,Araouane,ML,2022-09-21 18:57:27,18.9048,-3.5265,95.18,32,32,11.43
454,Pringsewu,ID,2022-09-21 18:57:27,-5.3582,104.9744,73.2,96,99,1.77
455,Bagdarin,RU,2022-09-21 18:57:27,54.4333,113.6,31.33,88,68,6.35
456,San Vicente,AR,2022-09-21 18:57:28,-26.6167,-54.1333,65.79,90,94,1.5
457,Riyadh,SA,2022-09-21 18:56:19,24.6877,46.7219,91.54,23,0,10.8
458,Siocon,PH,2022-09-21 18:58:28,7.7061,122.1353,78.98,84,100,1.32
459,Faanui,PF,2022-09-21 18:58:29,-16.4833,-151.75,78.26,75,7,21.56
460,Banda Aceh,ID,2022-09-21 18:58:29,5.5577,95.3222,78.73,79,99,11.32
461,Qaqortoq,GL,2022-09-21 18:58:29,60.7167,-46.0333,43.86,70,24,5.73
462,Kalach-Na-Donu,RU,2022-09-21 18:58:30,48.691,43.5264,66.99,72,100,3.04
463,Te Anau,NZ,2022-09-21 18:58:30,-45.4167,167.7167,41.43,93,87,1.45
464,Richards Bay,ZA,2022-09-21 18:58:30,-28.783,32.0377,62.17,82,94,5.64
465,Tuy Hoa,VN,2022-09-21 18:58:31,13.0833,109.3,76.42,90,99,3.58
466,Viking,CA,2022-09-21 18:58:31,53.1001,-111.7684,60.93,30,13,12.66
467,Turbat,PK,2022-09-21 18:58:31,26.0023,63.044,80.1,73,1,4.94
468,Podgornoye,RU,2022-09-21 18:58:32,51.735,39.1496,50.22,93,0,4.47
469,Eggenfelden,DE,2022-09-21 18:58:32,48.4054,12.7626,49.78,85,5,3.58
470,Kaeo,NZ,2022-09-21 18:58:32,-35.1,173.7833,46.33,95,15,3.87
471,Maragogi,BR,2022-09-21 18:55:17,-9.0122,-35.2225,78.91,71,3,8.88
472,Longonjo,AO,2022-09-21 18:58:33,-12.9067,15.2533,71.69,50,97,0.76
473,Adre,TD,2022-09-21 18:58:33,13.4667,22.2,80.29,56,96,8.03
474,Karasburg,NA,2022-09-21 18:58:34,-28.0167,18.75,62.83,15,0,7.61
475,Port Lincoln,AU,2022-09-21 18:58:34,-34.7333,135.8667,53.29,87,98,4.7
476,Itarema,BR,2022-09-21 18:55:19,-2.9248,-39.9167,81.84,69,42,18.68
477,Bilma,NE,2022-09-21 18:58:35,18.6853,12.9164,93.83,10,15,2.04
478,Tongliao,CN,2022-09-21 18:57:22,43.6125,122.2653,60.31,69,6,22.39
479,Colares,PT,2022-09-21 18:58:35,38.7992,-9.4469,74.75,84,20,10.0
480,Bagalkot,IN,2022-09-21 18:58:36,16.1833,75.7,72.91,78,100,12.91
481,Pangnirtung,CA,2022-09-21 18:58:36,66.1451,-65.7125,42.8,52,20,8.05
482,Hovd,MN,2022-09-21 18:58:37,48.0056,91.6419,49.05,48,0,1.43
483,Buraydah,SA,2022-09-21 18:56:59,26.326,43.975,93.65,11,16,10.29
484,Pedro Ii,BR,2022-09-21 18:58:37,-4.4247,-41.4586,96.04,17,0,7.63
485,Gazanjyk,TM,2022-09-21 18:58:38,39.2446,55.5154,79.72,16,0,6.22
486,Aktau,KZ,2022-09-21 18:58:38,43.65,51.2,64.98,32,2,5.84
487,Safford,US,2022-09-21 18:58:38,32.834,-109.7076,83.12,47,82,3.8
488,Caravelas,BR,2022-09-21 18:58:39,-17.7125,-39.2481,78.17,73,20,12.86
489,Sinop,TR,2022-09-21 18:58:39,41.7711,34.8709,52.9,90,100,0.76
490,Tateyama,JP,2022-09-21 18:58:39,34.9833,139.8667,68.09,69,100,19.66
491,Batagay,RU,2022-09-21 18:58:40,67.6333,134.6333,30.43,97,100,9.84
492,Shouguang,CN,2022-09-21 18:58:40,36.88,118.7375,59.92,76,0,8.75
493,Sao Filipe,CV,2022-09-21 18:58:40,14.8961,-24.4956,78.76,77,53,9.51
494,Amahai,ID,2022-09-21 18:58:41,-3.3333,128.9167,76.75,83,100,4.14
495,San Policarpo,PH,2022-09-21 18:58:41,12.1791,125.5072,77.41,88,100,4.79
496,Nyrob,RU,2022-09-21 18:58:41,60.733,56.7202,44.53,97,21,4.21
497,Rio Gallegos,AR,2022-09-21 18:58:42,-51.6226,-69.2181,51.85,46,0,26.46
498,San Rafael,AR,2022-09-21 18:53:51,-34.6177,-68.3301,60.48,14,3,0.74
499,Kudahuvadhoo,MV,2022-09-21 18:58:42,2.6708,72.8944,82.11,74,20,8.52
500,Malnas,RO,2022-09-21 18:58:43,46.0167,25.8333,45.72,89,79,3.71
501,La Ronge,CA,2022-09-21 18:59:43,55.1001,-105.2842,55.62,47,20,5.75
502,Pyay,MM,2022-09-21 18:59:43,18.8167,95.2167,74.73,94,95,1.54
503,Poya,NC,2022-09-21 18:59:44,-21.35,165.15,68.61,87,11,4.68
504,Kokstad,ZA,2022-09-21 18:59:44,-30.5472,29.4241,47.1,83,2,3.22
505,Jega,NG,2022-09-21 18:59:44,12.2175,4.3792,80.42,72,93,1.66
506,Darnah,LY,2022-09-21 18:59:45,32.767,22.6367,76.82,79,17,10.87
507,Yeppoon,AU,2022-09-21 18:59:45,-23.1333,150.7333,65.98,90,81,9.4
508,Suntar,RU,2022-09-21 18:59:45,62.1444,117.6319,29.48,95,86,5.61
509,Morant Bay,JM,2022-09-21 18:59:46,17.8815,-76.4093,91.02,72,71,8.32
510,Zaozerne,UA,2022-09-21 18:59:46,45.1582,33.2787,58.77,61,7,8.88
511,Semporna,MY,2022-09-21 18:59:46,4.4818,118.6112,77.47,85,100,3.11
512,Mersing,MY,2022-09-21 18:59:47,2.4312,103.8405,78.71,89,40,3.44
513,Avdiyivka,UA,2022-09-21 18:59:47,48.1399,37.7426,55.06,48,1,5.44
514,Itoman,JP,2022-09-21 18:59:48,26.1247,127.6694,78.82,83,25,8.05
515,Dwarka,IN,2022-09-21 18:59:48,22.2394,68.9678,80.4,74,7,9.26
516,Buala,SB,2022-09-21 18:59:48,-8.145,159.5921,76.17,85,100,3.8
517,Valparaiso,CL,2022-09-21 18:59:49,-33.0393,-71.6273,62.83,73,0,11.5
518,Lerwick,GB,2022-09-21 18:59:49,60.1545,-1.1494,55.4,95,100,14.56
519,Gornyy,RU,2022-09-21 18:59:49,55.1153,83.9059,55.0,46,72,8.16
520,Ilulissat,GL,2022-09-21 18:59:50,69.2167,-51.1,34.05,78,49,5.68
521,Pacific Grove,US,2022-09-21 18:59:50,36.6177,-121.9166,72.81,75,17,3.0
522,Madimba,TZ,2022-09-21 18:59:50,-10.4,40.3333,72.34,85,46,8.81
523,Dukat,RU,2022-09-21 18:59:51,62.55,155.55,24.58,97,100,3.71
524,Le Port,RE,2022-09-21 18:59:51,-20.9373,55.2919,69.8,77,0,4.09
525,Kaliyaganj,IN,2022-09-21 18:59:51,25.6333,88.3167,77.95,93,95,5.17
526,Vaitape,PF,2022-09-21 18:59:52,-16.5167,-151.75,78.24,75,7,21.52
527,Nizhniy Tagil,RU,2022-09-21 18:59:52,57.9194,59.965,54.03,65,100,3.67
528,Asasa,ET,2022-09-21 18:59:53,7.1,39.2,56.21,84,76,1.86
529,Toora-Khem,RU,2022-09-21 18:59:53,52.4675,96.11,36.09,86,70,1.72
530,Emerald,AU,2022-09-21 18:59:13,-23.5333,148.1667,66.34,86,4,3.71
531,Baghdad,IQ,2022-09-21 18:59:53,33.3406,44.4009,87.71,30,75,3.44
532,Zaria,NG,2022-09-21 18:59:54,11.1113,7.7227,76.75,73,100,6.44
533,Barcelona,ES,2022-09-21 18:56:49,41.3888,2.159,73.15,71,40,9.22
534,Lata,PT,2022-09-21 18:59:54,40.1629,-8.3327,67.86,80,2,2.86
535,Svetlaya,RU,2022-09-21 18:59:55,46.5389,138.3297,49.06,54,0,5.55
536,Liuzhou,CN,2022-09-21 18:59:55,24.3126,109.3892,77.7,82,50,1.61
537,Atar,MR,2022-09-21 18:59:55,20.5169,-13.0499,99.54,26,10,14.58
538,Kansas City,US,2022-09-21 18:58:39,39.0997,-94.5786,91.53,61,100,11.99
539,Vrangel,RU,2022-09-21 18:59:56,42.7297,133.0839,57.24,77,0,2.77
540,Vestmannaeyjar,IS,2022-09-21 18:59:56,63.4427,-20.2734,52.79,87,40,9.22
